Workbook

Sheet Datos_Resueltos
A1: Práctica de Laboratorio - Fórmulas y Funciones en Excel (Resuelto)
A2: Bike Sales_Functions_Lab - Módulo Completo (Filas 2 a 89)
A4: Sales_Order # | B4: Date | C4: Customer_Age | D4: Age_Group | E4: Country | F4: Sub_Category | G4: Product_Description | H4: Model (LEFT) | I4: Color (MID) | J4: Size (RIGHT) | K4: Order_Quantity | L4: Revenue | M4: Sales_Summary (CONCAT)
A5: 000261695 | B5: 01/12/2021 | C5: 23 | D5: Youth (<25) | E5: Australia | F5: Mountain Bikes | G5: Mountain-200 Black, 46 | H5: =LEFT(G5, 12) | I5: =MID(G5, 14, 5) | J5: =RIGHT(G5, 2) | K5: 4 | L5: 3533 | M5: =CONCAT(A5, ": ", K5, " ", F5, " - ", B5)
A6: 000261696 | B6: 01/12/2021 | C6: 30 | D6: Young Adult (25-34) | E6: Australia | F6: Mountain Bikes | G6: Mountain-200 Silver, 38 | H6: =LEFT(G6, 12) | I6: =MID(G6, 14, 6) | J6: =RIGHT(G6, 2) | K6: 1 | L6: 1245 | M6: =CONCAT(A6, ": ", K6, " ", F6, " - ", B6)
A7: 000261697 | B7: 01/12/2021 | C7: 45 | D7: Adult (35-64) | E7: Australia | F7: Mountain Bikes | G7: Mountain-200 Silver, 42 | H7: =LEFT(G7, 12) | I7: =MID(G7, 14, 6) | J7: =RIGHT(G7, 2) | K7: 2 | L7: 2460 | M7: =CONCAT(A7, ": ", K7, " ", F7, " - ", B7)
A8: 000261698 | B8: 01/12/2021 | C8: 28 | D8: Young Adult (25-34) | E8: United States | F8: Mountain Bikes | G8: Mountain-200-W Silver, 38 | H8: =LEFT(G8, 14) | I8: =MID(G8, 16, 6) | J8: =RIGHT(G8, 2) | K8: 3 | L8: 3675 | M8: =CONCAT(A8, ": ", K8, " ", F8, " - ", B8)
A9: 000261699 | B9: 01/12/2021 | C9: 50 | D9: Adult (35-64) | E9: United States | F9: Mountain Bikes | G9: Mountain-200-W Silver, 40 | H9: =LEFT(G9, 14) | I9: =MID(G9, 16, 6) | J9: =RIGHT(G9, 2) | K9: 1 | L9: 1290 | M9: =CONCAT(A9, ": ", K9, " ", F9, " - ", B9)
A10: 000261700 | B10: 01/12/2021 | C10: 22 | D10: Youth (<25) | E10: Canada | F10: Road Bikes | G10: Road-150 Red, 44 | H10: =LEFT(G10, 12) | I10: =MID(G10, 14, 5) | J10: =RIGHT(G10, 2) | K10: 2 | L10: 5105 | M10: =CONCAT(A10, ": ", K10, " ", F10, " - ", B10)
A11: 000261701 | B11: 01/12/2021 | C11: 33 | D11: Young Adult (25-34) | E11: Canada | F11: Road Bikes | G11: Road-150 Red, 48 | H11: =LEFT(G11, 12) | I11: =MID(G11, 14, 5) | J11: =RIGHT(G11, 2) | K11: 1 | L11: 2620 | M11: =CONCAT(A11, ": ", K11, " ", F11, " - ", B11)
A12: 000261702 | B12: 01/12/2021 | C12: 20 | D12: Youth (<25) | E12: Australia | F12: Mountain Bikes | G12: Mountain-200 Black, 38 | H12: =LEFT(G12, 12) | I12: =MID(G12, 14, 5) | J12: =RIGHT(G12, 2) | K12: 5 | L12: 13500 | M12: =CONCAT(A12, ": ", K12, " ", F12, " - ", B12)
A13: 000261703 | B13: 01/12/2021 | C13: 38 | D13: Adult (35-64) | E13: Germany | F13: Touring Bikes | G13: Touring-1000 Blue, 50 | H13: =LEFT(G13, 12) | I13: =MID(G13, 14, 5) | J13: =RIGHT(G13, 2) | K13: 1 | L13: 1950 | M13: =CONCAT(A13, ": ", K13, " ", F13, " - ", B13)
A14: 000261704 | B14: 01/12/2021 | C14: 29 | D14: Young Adult (25-34) | E14: France | F14: Road Bikes | G14: Road-650 Black, 52 | H14: =LEFT(G14, 12) | I14: =MID(G14, 14, 5) | J14: =RIGHT(G14, 2) | K14: 2 | L14: 2965 | M14: =CONCAT(A14, ": ", K14, " ", F14, " - ", B14)
A15: 000261705 | B15: 01/12/2021 | C15: 19 | D15: Youth (<25) | E15: Australia | F15: Mountain Bikes | G15: Mountain-200 Silver, 42 | H15: =LEFT(G15, 12) | I15: =MID(G15, 14, 6) | J15: =RIGHT(G15, 2) | K15: 1 | L15: 565 | M15: =CONCAT(A15, ": ", K15, " ", F15, " - ", B15)
A16: 000261706 | B16: 01/12/2021 | C16: 23 | D16: Youth (<25) | E16: Australia | F16: Mountain Bikes | G16: Mountain-200 Black, 46 | H16: =LEFT(G16, 12) | I16: =MID(G16, 14, 5) | J16: =RIGHT(G16, 2) | K16: 4 | L16: 3533 | M16: =CONCAT(A16, ": ", K16, " ", F16, " - ", B16)
A17: 000261707 | B17: 01/12/2021 | C17: 30 | D17: Young Adult (25-34) | E17: Australia | F17: Mountain Bikes | G17: Mountain-200 Silver, 38 | H17: =LEFT(G17, 12) | I17: =MID(G17, 14, 6) | J17: =RIGHT(G17, 2) | K17: 1 | L17: 1410 | M17: =CONCAT(A17, ": ", K17, " ", F17, " - ", B17)
A18: 000261708 | B18: 01/12/2021 | C18: 45 | D18: Adult (35-64) | E18: Australia | F18: Mountain Bikes | G18: Mountain-200 Silver, 42 | H18: =LEFT(G18, 12) | I18: =MID(G18, 14, 6) | J18: =RIGHT(G18, 2) | K18: 2 | L18: 2625 | M18: =CONCAT(A18, ": ", K18, " ", F18, " - ", B18)
A19: 000261709 | B19: 01/12/2021 | C19: 28 | D19: Young Adult (25-34) | E19: United States | F19: Mountain Bikes | G19: Mountain-200-W Silver, 38 | H19: =LEFT(G19, 14) | I19: =MID(G19, 16, 6) | J19: =RIGHT(G19, 2) | K19: 3 | L19: 3840 | M19: =CONCAT(A19, ": ", K19, " ", F19, " - ", B19)
A20: 000261710 | B20: 01/12/2021 | C20: 50 | D20: Adult (35-64) | E20: United States | F20: Mountain Bikes | G20: Mountain-200-W Silver, 40 | H20: =LEFT(G20, 14) | I20: =MID(G20, 16, 6) | J20: =RIGHT(G20, 2) | K20: 1 | L20: 1455 | M20: =CONCAT(A20, ": ", K20, " ", F20, " - ", B20)
A21: 000261711 | B21: 01/12/2021 | C21: 22 | D21: Youth (<25) | E21: Canada | F21: Road Bikes | G21: Road-150 Red, 44 | H21: =LEFT(G21, 12) | I21: =MID(G21, 14, 5) | J21: =RIGHT(G21, 2) | K21: 2 | L21: 5270 | M21: =CONCAT(A21, ": ", K21, " ", F21, " - ", B21)
A22: 000261712 | B22: 01/12/2021 | C22: 33 | D22: Young Adult (25-34) | E22: Canada | F22: Road Bikes | G22: Road-150 Red, 48 | H22: =LEFT(G22, 12) | I22: =MID(G22, 14, 5) | J22: =RIGHT(G22, 2) | K22: 1 | L22: 2785 | M22: =CONCAT(A22, ": ", K22, " ", F22, " - ", B22)
A23: 000261713 | B23: 01/12/2021 | C23: 20 | D23: Youth (<25) | E23: Australia | F23: Mountain Bikes | G23: Mountain-200 Black, 38 | H23: =LEFT(G23, 12) | I23: =MID(G23, 14, 5) | J23: =RIGHT(G23, 2) | K23: 5 | L23: 3533 | M23: =CONCAT(A23, ": ", K23, " ", F23, " - ", B23)
A24: 000261714 | B24: 01/12/2021 | C24: 38 | D24: Adult (35-64) | E24: Germany | F24: Touring Bikes | G24: Touring-1000 Blue, 50 | H24: =LEFT(G24, 12) | I24: =MID(G24, 14, 5) | J24: =RIGHT(G24, 2) | K24: 1 | L24: 2115 | M24: =CONCAT(A24, ": ", K24, " ", F24, " - ", B24)
A25: 000261715 | B25: 01/12/2021 | C25: 29 | D25: Young Adult (25-34) | E25: France | F25: Road Bikes | G25: Road-650 Black, 52 | H25: =LEFT(G25, 12) | I25: =MID(G25, 14, 5) | J25: =RIGHT(G25, 2) | K25: 2 | L25: 3130 | M25: =CONCAT(A25, ": ", K25, " ", F25, " - ", B25)
A26: 000261716 | B26: 01/12/2021 | C26: 19 | D26: Youth (<25) | E26: Australia | F26: Mountain Bikes | G26: Mountain-200 Silver, 42 | H26: =LEFT(G26, 12) | I26: =MID(G26, 14, 6) | J26: =RIGHT(G26, 2) | K26: 1 | L26: 3533 | M26: =CONCAT(A26, ": ", K26, " ", F26, " - ", B26)
A27: 000261717 | B27: 01/12/2021 | C27: 23 | D27: Youth (<25) | E27: Australia | F27: Mountain Bikes | G27: Mountain-200 Black, 46 | H27: =LEFT(G27, 12) | I27: =MID(G27, 14, 5) | J27: =RIGHT(G27, 2) | K27: 4 | L27: 3533 | M27: =CONCAT(A27, ": ", K27, " ", F27, " - ", B27)
A28: 000261718 | B28: 01/12/2021 | C28: 30 | D28: Young Adult (25-34) | E28: Australia | F28: Mountain Bikes | G28: Mountain-200 Silver, 38 | H28: =LEFT(G28, 12) | I28: =MID(G28, 14, 6) | J28: =RIGHT(G28, 2) | K28: 1 | L28: 1575 | M28: =CONCAT(A28, ": ", K28, " ", F28, " - ", B28)
A29: 000261719 | B29: 01/12/2021 | C29: 45 | D29: Adult (35-64) | E29: Australia | F29: Mountain Bikes | G29: Mountain-200 Silver, 42 | H29: =LEFT(G29, 12) | I29: =MID(G29, 14, 6) | J29: =RIGHT(G29, 2) | K29: 2 | L29: 2790 | M29: =CONCAT(A29, ": ", K29, " ", F29, " - ", B29)
A30: 000261720 | B30: 01/12/2021 | C30: 28 | D30: Young Adult (25-34) | E30: United States | F30: Mountain Bikes | G30: Mountain-200-W Silver, 38 | H30: =LEFT(G30, 14) | I30: =MID(G30, 16, 6) | J30: =RIGHT(G30, 2) | K30: 3 | L30: 4005 | M30: =CONCAT(A30, ": ", K30, " ", F30, " - ", B30)
A31: 000261721 | B31: 01/12/2021 | C31: 50 | D31: Adult (35-64) | E31: United States | F31: Mountain Bikes | G31: Mountain-200-W Silver, 40 | H31: =LEFT(G31, 14) | I31: =MID(G31, 16, 6) | J31: =RIGHT(G31, 2) | K31: 1 | L31: 1620 | M31: =CONCAT(A31, ": ", K31, " ", F31, " - ", B31)
A32: 000261722 | B32: 01/12/2021 | C32: 22 | D32: Youth (<25) | E32: Canada | F32: Road Bikes | G32: Road-150 Red, 44 | H32: =LEFT(G32, 12) | I32: =MID(G32, 14, 5) | J32: =RIGHT(G32, 2) | K32: 2 | L32: 5435 | M32: =CONCAT(A32, ": ", K32, " ", F32, " - ", B32)
A33: 000261723 | B33: 01/12/2021 | C33: 33 | D33: Young Adult (25-34) | E33: Canada | F33: Road Bikes | G33: Road-150 Red, 48 | H33: =LEFT(G33, 12) | I33: =MID(G33, 14, 5) | J33: =RIGHT(G33, 2) | K33: 1 | L33: 2950 | M33: =CONCAT(A33, ": ", K33, " ", F33, " - ", B33)
A34: 000261724 | B34: 01/12/2021 | C34: 20 | D34: Youth (<25) | E34: Australia | F34: Mountain Bikes | G34: Mountain-200 Black, 38 | H34: =LEFT(G34, 12) | I34: =MID(G34, 14, 5) | J34: =RIGHT(G34, 2) | K34: 5 | L34: 3533 | M34: =CONCAT(A34, ": ", K34, " ", F34, " - ", B34)
A35: 000261725 | B35: 01/12/2021 | C35: 38 | D35: Adult (35-64) | E35: Germany | F35: Touring Bikes | G35: Touring-1000 Blue, 50 | H35: =LEFT(G35, 12) | I35: =MID(G35, 14, 5) | J35: =RIGHT(G35, 2) | K35: 1 | L35: 2280 | M35: =CONCAT(A35, ": ", K35, " ", F35, " - ", B35)
A36: 000261726 | B36: 01/12/2021 | C36: 29 | D36: Young Adult (25-34) | E36: France | F36: Road Bikes | G36: Road-650 Black, 52 | H36: =LEFT(G36, 12) | I36: =MID(G36, 14, 5) | J36: =RIGHT(G36, 2) | K36: 2 | L36: 3295 | M36: =CONCAT(A36, ": ", K36, " ", F36, " - ", B36)
A37: 000261727 | B37: 01/12/2021 | C37: 19 | D37: Youth (<25) | E37: Australia | F37: Mountain Bikes | G37: Mountain-200 Silver, 42 | H37: =LEFT(G37, 12) | I37: =MID(G37, 14, 6) | J37: =RIGHT(G37, 2) | K37: 1 | L37: 3533 | M37: =CONCAT(A37, ": ", K37, " ", F37, " - ", B37)
A38: 000261728 | B38: 01/12/2021 | C38: 23 | D38: Youth (<25) | E38: Australia | F38: Mountain Bikes | G38: Mountain-200 Black, 46 | H38: =LEFT(G38, 12) | I38: =MID(G38, 14, 5) | J38: =RIGHT(G38, 2) | K38: 4 | L38: 3533 | M38: =CONCAT(A38, ": ", K38, " ", F38, " - ", B38)
A39: 000261729 | B39: 01/12/2021 | C39: 30 | D39: Young Adult (25-34) | E39: Australia | F39: Mountain Bikes | G39: Mountain-200 Silver, 38 | H39: =LEFT(G39, 12) | I39: =MID(G39, 14, 6) | J39: =RIGHT(G39, 2) | K39: 1 | L39: 1740 | M39: =CONCAT(A39, ": ", K39, " ", F39, " - ", B39)
A40: 000261730 | B40: 01/12/2021 | C40: 45 | D40: Adult (35-64) | E40: Australia | F40: Mountain Bikes | G40: Mountain-200 Silver, 42 | H40: =LEFT(G40, 12) | I40: =MID(G40, 14, 6) | J40: =RIGHT(G40, 2) | K40: 2 | L40: 2955 | M40: =CONCAT(A40, ": ", K40, " ", F40, " - ", B40)
A41: 000261731 | B41: 01/12/2021 | C41: 28 | D41: Young Adult (25-34) | E41: United States | F41: Mountain Bikes | G41: Mountain-200-W Silver, 38 | H41: =LEFT(G41, 14) | I41: =MID(G41, 16, 6) | J41: =RIGHT(G41, 2) | K41: 3 | L41: 4170 | M41: =CONCAT(A41, ": ", K41, " ", F41, " - ", B41)
A42: 000261732 | B42: 01/12/2021 | C42: 50 | D42: Adult (35-64) | E42: United States | F42: Mountain Bikes | G42: Mountain-200-W Silver, 40 | H42: =LEFT(G42, 14) | I42: =MID(G42, 16, 6) | J42: =RIGHT(G42, 2) | K42: 1 | L42: 1785 | M42: =CONCAT(A42, ": ", K42, " ", F42, " - ", B42)
A43: 000261733 | B43: 01/12/2021 | C43: 22 | D43: Youth (<25) | E43: Canada | F43: Road Bikes | G43: Road-150 Red, 44 | H43: =LEFT(G43, 12) | I43: =MID(G43, 14, 5) | J43: =RIGHT(G43, 2) | K43: 2 | L43: 5600 | M43: =CONCAT(A43, ": ", K43, " ", F43, " - ", B43)
A44: 000261734 | B44: 01/12/2021 | C44: 33 | D44: Young Adult (25-34) | E44: Canada | F44: Road Bikes | G44: Road-150 Red, 48 | H44: =LEFT(G44, 12) | I44: =MID(G44, 14, 5) | J44: =RIGHT(G44, 2) | K44: 1 | L44: 3115 | M44: =CONCAT(A44, ": ", K44, " ", F44, " - ", B44)
A45: 000261735 | B45: 01/12/2021 | C45: 20 | D45: Youth (<25) | E45: Australia | F45: Mountain Bikes | G45: Mountain-200 Black, 38 | H45: =LEFT(G45, 12) | I45: =MID(G45, 14, 5) | J45: =RIGHT(G45, 2) | K45: 5 | L45: 3533 | M45: =CONCAT(A45, ": ", K45, " ", F45, " - ", B45)
A46: 000261736 | B46: 01/12/2021 | C46: 38 | D46: Adult (35-64) | E46: Germany | F46: Touring Bikes | G46: Touring-1000 Blue, 50 | H46: =LEFT(G46, 12) | I46: =MID(G46, 14, 5) | J46: =RIGHT(G46, 2) | K46: 1 | L46: 2445 | M46: =CONCAT(A46, ": ", K46, " ", F46, " - ", B46)
A47: 000261737 | B47: 01/12/2021 | C47: 29 | D47: Young Adult (25-34) | E47: France | F47: Road Bikes | G47: Road-650 Black, 52 | H47: =LEFT(G47, 12) | I47: =MID(G47, 14, 5) | J47: =RIGHT(G47, 2) | K47: 2 | L47: 3460 | M47: =CONCAT(A47, ": ", K47, " ", F47, " - ", B47)
A48: 000261738 | B48: 01/12/2021 | C48: 19 | D48: Youth (<25) | E48: Australia | F48: Mountain Bikes | G48: Mountain-200 Silver, 42 | H48: =LEFT(G48, 12) | I48: =MID(G48, 14, 6) | J48: =RIGHT(G48, 2) | K48: 1 | L48: 3533 | M48: =CONCAT(A48, ": ", K48, " ", F48, " - ", B48)
A49: 000261739 | B49: 01/12/2021 | C49: 23 | D49: Youth (<25) | E49: Australia | F49: Mountain Bikes | G49: Mountain-200 Black, 46 | H49: =LEFT(G49, 12) | I49: =MID(G49, 14, 5) | J49: =RIGHT(G49, 2) | K49: 4 | L49: 3533 | M49: =CONCAT(A49, ": ", K49, " ", F49, " - ", B49)
A50: 000261740 | B50: 01/12/2021 | C50: 30 | D50: Young Adult (25-34) | E50: Australia | F50: Mountain Bikes | G50: Mountain-200 Silver, 38 | H50: =LEFT(G50, 12) | I50: =MID(G50, 14, 6) | J50: =RIGHT(G50, 2) | K50: 1 | L50: 1905 | M50: =CONCAT(A50, ": ", K50, " ", F50, " - ", B50)
A51: 000261741 | B51: 01/12/2021 | C51: 45 | D51: Adult (35-64) | E51: Australia | F51: Mountain Bikes | G51: Mountain-200 Silver, 42 | H51: =LEFT(G51, 12) | I51: =MID(G51, 14, 6) | J51: =RIGHT(G51, 2) | K51: 2 | L51: 3120 | M51: =CONCAT(A51, ": ", K51, " ", F51, " - ", B51)
A52: 000261742 | B52: 01/12/2021 | C52: 28 | D52: Young Adult (25-34) | E52: United States | F52: Mountain Bikes | G52: Mountain-200-W Silver, 38 | H52: =LEFT(G52, 14) | I52: =MID(G52, 16, 6) | J52: =RIGHT(G52, 2) | K52: 3 | L52: 4335 | M52: =CONCAT(A52, ": ", K52, " ", F52, " - ", B52)
A53: 000261743 | B53: 01/12/2021 | C53: 50 | D53: Adult (35-64) | E53: United States | F53: Mountain Bikes | G53: Mountain-200-W Silver, 40 | H53: =LEFT(G53, 14) | I53: =MID(G53, 16, 6) | J53: =RIGHT(G53, 2) | K53: 1 | L53: 1950 | M53: =CONCAT(A53, ": ", K53, " ", F53, " - ", B53)
A54: 000261744 | B54: 01/12/2021 | C54: 22 | D54: Youth (<25) | E54: Canada | F54: Road Bikes | G54: Road-150 Red, 44 | H54: =LEFT(G54, 12) | I54: =MID(G54, 14, 5) | J54: =RIGHT(G54, 2) | K54: 2 | L54: 5765 | M54: =CONCAT(A54, ": ", K54, " ", F54, " - ", B54)
A55: 000261745 | B55: 01/12/2021 | C55: 33 | D55: Young Adult (25-34) | E55: Canada | F55: Road Bikes | G55: Road-150 Red, 48 | H55: =LEFT(G55, 12) | I55: =MID(G55, 14, 5) | J55: =RIGHT(G55, 2) | K55: 1 | L55: 3280 | M55: =CONCAT(A55, ": ", K55, " ", F55, " - ", B55)
A56: 000261746 | B56: 01/12/2021 | C56: 20 | D56: Youth (<25) | E56: Australia | F56: Mountain Bikes | G56: Mountain-200 Black, 38 | H56: =LEFT(G56, 12) | I56: =MID(G56, 14, 5) | J56: =RIGHT(G56, 2) | K56: 5 | L56: 3533 | M56: =CONCAT(A56, ": ", K56, " ", F56, " - ", B56)
A57: 000261747 | B57: 01/12/2021 | C57: 38 | D57: Adult (35-64) | E57: Germany | F57: Touring Bikes | G57: Touring-1000 Blue, 50 | H57: =LEFT(G57, 12) | I57: =MID(G57, 14, 5) | J57: =RIGHT(G57, 2) | K57: 1 | L57: 2610 | M57: =CONCAT(A57, ": ", K57, " ", F57, " - ", B57)
A58: 000261748 | B58: 01/12/2021 | C58: 29 | D58: Young Adult (25-34) | E58: France | F58: Road Bikes | G58: Road-650 Black, 52 | H58: =LEFT(G58, 12) | I58: =MID(G58, 14, 5) | J58: =RIGHT(G58, 2) | K58: 2 | L58: 3625 | M58: =CONCAT(A58, ": ", K58, " ", F58, " - ", B58)
A59: 000261749 | B59: 01/12/2021 | C59: 19 | D59: Youth (<25) | E59: Australia | F59: Mountain Bikes | G59: Mountain-200 Silver, 42 | H59: =LEFT(G59, 12) | I59: =MID(G59, 14, 6) | J59: =RIGHT(G59, 2) | K59: 1 | L59: 3533 | M59: =CONCAT(A59, ": ", K59, " ", F59, " - ", B59)
A60: 000261750 | B60: 01/12/2021 | C60: 23 | D60: Youth (<25) | E60: Australia | F60: Mountain Bikes | G60: Mountain-200 Black, 46 | H60: =LEFT(G60, 12) | I60: =MID(G60, 14, 5) | J60: =RIGHT(G60, 2) | K60: 4 | L60: 3533 | M60: =CONCAT(A60, ": ", K60, " ", F60, " - ", B60)
A61: 000261751 | B61: 01/12/2021 | C61: 30 | D61: Young Adult (25-34) | E61: Australia | F61: Mountain Bikes | G61: Mountain-200 Silver, 38 | H61: =LEFT(G61, 12) | I61: =MID(G61, 14, 6) | J61: =RIGHT(G61, 2) | K61: 1 | L61: 2070 | M61: =CONCAT(A61, ": ", K61, " ", F61, " - ", B61)
A62: 000261752 | B62: 01/12/2021 | C62: 45 | D62: Adult (35-64) | E62: Australia | F62: Mountain Bikes | G62: Mountain-200 Silver, 42 | H62: =LEFT(G62, 12) | I62: =MID(G62, 14, 6) | J62: =RIGHT(G62, 2) | K62: 2 | L62: 3285 | M62: =CONCAT(A62, ": ", K62, " ", F62, " - ", B62)
A63: 000261753 | B63: 01/12/2021 | C63: 28 | D63: Young Adult (25-34) | E63: United States | F63: Mountain Bikes | G63: Mountain-200-W Silver, 38 | H63: =LEFT(G63, 14) | I63: =MID(G63, 16, 6) | J63: =RIGHT(G63, 2) | K63: 3 | L63: 4500 | M63: =CONCAT(A63, ": ", K63, " ", F63, " - ", B63)
A64: 000261754 | B64: 01/12/2021 | C64: 50 | D64: Adult (35-64) | E64: United States | F64: Mountain Bikes | G64: Mountain-200-W Silver, 40 | H64: =LEFT(G64, 14) | I64: =MID(G64, 16, 6) | J64: =RIGHT(G64, 2) | K64: 1 | L64: 2115 | M64: =CONCAT(A64, ": ", K64, " ", F64, " - ", B64)
A65: 000261755 | B65: 01/12/2021 | C65: 22 | D65: Youth (<25) | E65: Canada | F65: Road Bikes | G65: Road-150 Red, 44 | H65: =LEFT(G65, 12) | I65: =MID(G65, 14, 5) | J65: =RIGHT(G65, 2) | K65: 2 | L65: 5930 | M65: =CONCAT(A65, ": ", K65, " ", F65, " - ", B65)
A66: 000261756 | B66: 01/12/2021 | C66: 33 | D66: Young Adult (25-34) | E66: Canada | F66: Road Bikes | G66: Road-150 Red, 48 | H66: =LEFT(G66, 12) | I66: =MID(G66, 14, 5) | J66: =RIGHT(G66, 2) | K66: 1 | L66: 3445 | M66: =CONCAT(A66, ": ", K66, " ", F66, " - ", B66)
A67: 000261757 | B67: 01/12/2021 | C67: 20 | D67: Youth (<25) | E67: Australia | F67: Mountain Bikes | G67: Mountain-200 Black, 38 | H67: =LEFT(G67, 12) | I67: =MID(G67, 14, 5) | J67: =RIGHT(G67, 2) | K67: 5 | L67: 3533 | M67: =CONCAT(A67, ": ", K67, " ", F67, " - ", B67)
A68: 000261758 | B68: 01/12/2021 | C68: 38 | D68: Adult (35-64) | E68: Germany | F68: Touring Bikes | G68: Touring-1000 Blue, 50 | H68: =LEFT(G68, 12) | I68: =MID(G68, 14, 5) | J68: =RIGHT(G68, 2) | K68: 1 | L68: 2775 | M68: =CONCAT(A68, ": ", K68, " ", F68, " - ", B68)
A69: 000261759 | B69: 01/12/2021 | C69: 29 | D69: Young Adult (25-34) | E69: France | F69: Road Bikes | G69: Road-650 Black, 52 | H69: =LEFT(G69, 12) | I69: =MID(G69, 14, 5) | J69: =RIGHT(G69, 2) | K69: 2 | L69: 3790 | M69: =CONCAT(A69, ": ", K69, " ", F69, " - ", B69)
A70: 000261760 | B70: 01/12/2021 | C70: 19 | D70: Youth (<25) | E70: Australia | F70: Mountain Bikes | G70: Mountain-200 Silver, 42 | H70: =LEFT(G70, 12) | I70: =MID(G70, 14, 6) | J70: =RIGHT(G70, 2) | K70: 1 | L70: 3533 | M70: =CONCAT(A70, ": ", K70, " ", F70, " - ", B70)
A71: 000261761 | B71: 01/12/2021 | C71: 23 | D71: Youth (<25) | E71: Australia | F71: Mountain Bikes | G71: Mountain-200 Black, 46 | H71: =LEFT(G71, 12) | I71: =MID(G71, 14, 5) | J71: =RIGHT(G71, 2) | K71: 4 | L71: 3533 | M71: =CONCAT(A71, ": ", K71, " ", F71, " - ", B71)
A72: 000261762 | B72: 01/12/2021 | C72: 30 | D72: Young Adult (25-34) | E72: Australia | F72: Mountain Bikes | G72: Mountain-200 Silver, 38 | H72: =LEFT(G72, 12) | I72: =MID(G72, 14, 6) | J72: =RIGHT(G72, 2) | K72: 1 | L72: 2235 | M72: =CONCAT(A72, ": ", K72, " ", F72, " - ", B72)
A73: 000261763 | B73: 01/12/2021 | C73: 45 | D73: Adult (35-64) | E73: Australia | F73: Mountain Bikes | G73: Mountain-200 Silver, 42 | H73: =LEFT(G73, 12) | I73: =MID(G73, 14, 6) | J73: =RIGHT(G73, 2) | K73: 2 | L73: 3450 | M73: =CONCAT(A73, ": ", K73, " ", F73, " - ", B73)
A74: 000261764 | B74: 01/12/2021 | C74: 28 | D74: Young Adult (25-34) | E74: United States | F74: Mountain Bikes | G74: Mountain-200-W Silver, 38 | H74: =LEFT(G74, 14) | I74: =MID(G74, 16, 6) | J74: =RIGHT(G74, 2) | K74: 3 | L74: 4665 | M74: =CONCAT(A74, ": ", K74, " ", F74, " - ", B74)
A75: 000261765 | B75: 01/12/2021 | C75: 50 | D75: Adult (35-64) | E75: United States | F75: Mountain Bikes | G75: Mountain-200-W Silver, 40 | H75: =LEFT(G75, 14) | I75: =MID(G75, 16, 6) | J75: =RIGHT(G75, 2) | K75: 1 | L75: 2280 | M75: =CONCAT(A75, ": ", K75, " ", F75, " - ", B75)
A76: 000261766 | B76: 01/12/2021 | C76: 22 | D76: Youth (<25) | E76: Canada | F76: Road Bikes | G76: Road-150 Red, 44 | H76: =LEFT(G76, 12) | I76: =MID(G76, 14, 5) | J76: =RIGHT(G76, 2) | K76: 2 | L76: 6095 | M76: =CONCAT(A76, ": ", K76, " ", F76, " - ", B76)
A77: 000261767 | B77: 01/12/2021 | C77: 33 | D77: Young Adult (25-34) | E77: Canada | F77: Road Bikes | G77: Road-150 Red, 48 | H77: =LEFT(G77, 12) | I77: =MID(G77, 14, 5) | J77: =RIGHT(G77, 2) | K77: 1 | L77: 3610 | M77: =CONCAT(A77, ": ", K77, " ", F77, " - ", B77)
A78: 000261768 | B78: 01/12/2021 | C78: 20 | D78: Youth (<25) | E78: Australia | F78: Mountain Bikes | G78: Mountain-200 Black, 38 | H78: =LEFT(G78, 12) | I78: =MID(G78, 14, 5) | J78: =RIGHT(G78, 2) | K78: 5 | L78: 3533 | M78: =CONCAT(A78, ": ", K78, " ", F78, " - ", B78)
A79: 000261769 | B79: 01/12/2021 | C79: 38 | D79: Adult (35-64) | E79: Germany | F79: Touring Bikes | G79: Touring-1000 Blue, 50 | H79: =LEFT(G79, 12) | I79: =MID(G79, 14, 5) | J79: =RIGHT(G79, 2) | K79: 1 | L79: 2940 | M79: =CONCAT(A79, ": ", K79, " ", F79, " - ", B79)
A80: 000261770 | B80: 01/12/2021 | C80: 29 | D80: Young Adult (25-34) | E80: France | F80: Road Bikes | G80: Road-650 Black, 52 | H80: =LEFT(G80, 12) | I80: =MID(G80, 14, 5) | J80: =RIGHT(G80, 2) | K80: 2 | L80: 3955 | M80: =CONCAT(A80, ": ", K80, " ", F80, " - ", B80)
A81: 000261771 | B81: 01/12/2021 | C81: 19 | D81: Youth (<25) | E81: Australia | F81: Mountain Bikes | G81: Mountain-200 Silver, 42 | H81: =LEFT(G81, 12) | I81: =MID(G81, 14, 6) | J81: =RIGHT(G81, 2) | K81: 1 | L81: 3533 | M81: =CONCAT(A81, ": ", K81, " ", F81, " - ", B81)
A82: 000261772 | B82: 01/12/2021 | C82: 23 | D82: Youth (<25) | E82: Australia | F82: Mountain Bikes | G82: Mountain-200 Black, 46 | H82: =LEFT(G82, 12) | I82: =MID(G82, 14, 5) | J82: =RIGHT(G82, 2) | K82: 4 | L82: 3533 | M82: =CONCAT(A82, ": ", K82, " ", F82, " - ", B82)
A83: 000261773 | B83: 01/12/2021 | C83: 30 | D83: Young Adult (25-34) | E83: Australia | F83: Mountain Bikes | G83: Mountain-200 Silver, 38 | H83: =LEFT(G83, 12) | I83: =MID(G83, 14, 6) | J83: =RIGHT(G83, 2) | K83: 1 | L83: 2400 | M83: =CONCAT(A83, ": ", K83, " ", F83, " - ", B83)
A84: 000261774 | B84: 01/12/2021 | C84: 45 | D84: Adult (35-64) | E84: Australia | F84: Mountain Bikes | G84: Mountain-200 Silver, 42 | H84: =LEFT(G84, 12) | I84: =MID(G84, 14, 6) | J84: =RIGHT(G84, 2) | K84: 2 | L84: 3615 | M84: =CONCAT(A84, ": ", K84, " ", F84, " - ", B84)
A85: 000261775 | B85: 01/12/2021 | C85: 28 | D85: Young Adult (25-34) | E85: United States | F85: Mountain Bikes | G85: Mountain-200-W Silver, 38 | H85: =LEFT(G85, 14) | I85: =MID(G85, 16, 6) | J85: =RIGHT(G85, 2) | K85: 3 | L85: 4830 | M85: =CONCAT(A85, ": ", K85, " ", F85, " - ", B85)
A86: 000261776 | B86: 01/12/2021 | C86: 50 | D86: Adult (35-64) | E86: United States | F86: Mountain Bikes | G86: Mountain-200-W Silver, 40 | H86: =LEFT(G86, 14) | I86: =MID(G86, 16, 6) | J86: =RIGHT(G86, 2) | K86: 1 | L86: 2445 | M86: =CONCAT(A86, ": ", K86, " ", F86, " - ", B86)
A87: 000261777 | B87: 01/12/2021 | C87: 22 | D87: Youth (<25) | E87: Canada | F87: Road Bikes | G87: Road-150 Red, 44 | H87: =LEFT(G87, 12) | I87: =MID(G87, 14, 5) | J87: =RIGHT(G87, 2) | K87: 2 | L87: 6260 | M87: =CONCAT(A87, ": ", K87, " ", F87, " - ", B87)
A88: 000261778 | B88: 01/12/2021 | C88: 33 | D88: Young Adult (25-34) | E88: Canada | F88: Road Bikes | G88: Road-150 Red, 48 | H88: =LEFT(G88, 12) | I88: =MID(G88, 14, 5) | J88: =RIGHT(G88, 2) | K88: 1 | L88: 3775 | M88: =CONCAT(A88, ": ", K88, " ", F88, " - ", B88)
A89: 000261779 | B89: 01/12/2021 | C89: 20 | D89: Youth (<25) | E89: Australia | F89: Mountain Bikes | G89: Mountain-200 Black, 38 | H89: =LEFT(G89, 12) | I89: =MID(G89, 14, 5) | J89: =RIGHT(G89, 2) | K89: 5 | L89: 3533 | M89: =CONCAT(A89, ": ", K89, " ", F89, " - ", B89)
A90: 000261780 | B90: 01/12/2021 | C90: 38 | D90: Adult (35-64) | E90: Germany | F90: Touring Bikes | G90: Touring-1000 Blue, 50 | H90: =LEFT(G90, 12) | I90: =MID(G90, 14, 5) | J90: =RIGHT(G90, 2) | K90: 1 | L90: 3105 | M90: =CONCAT(A90, ": ", K90, " ", F90, " - ", B90)
A91: 000261781 | B91: 01/12/2021 | C91: 29 | D91: Young Adult (25-34) | E91: France | F91: Road Bikes | G91: Road-650 Black, 52 | H91: =LEFT(G91, 12) | I91: =MID(G91, 14, 5) | J91: =RIGHT(G91, 2) | K91: 2 | L91: 4120 | M91: =CONCAT(A91, ": ", K91, " ", F91, " - ", B91)
A92: 000261782 | B92: 01/12/2021 | C92: 19 | D92: Youth (<25) | E92: Australia | F92: Mountain Bikes | G92: Mountain-200 Silver, 42 | H92: =LEFT(G92, 12) | I92: =MID(G92, 14, 6) | J92: =RIGHT(G92, 2) | K92: 1 | L92: 3533 | M92: =CONCAT(A92, ": ", K92, " ", F92, " - ", B92)

Sheet Resumen_Estadisticas
A1: Resultados de Funciones Estadísticas (Parte 2) y Preguntas Resueltas
A2: Cálculos automáticos con fórmulas enlazadas a 'Datos_Resueltos'
A4: Paso / Sección | B4: Criterio / Pregunta Evaluada | C4: Fórmula Aplicada en Excel | D4: Resultado Calculado
A5: Parte 1 (Pregunta de Reflexión) | B5: ¿Qué sucede si se omite la función TEXTO en CONCAT? | C5: =CONCAT(A5, ": ", K5, " ", F5, " - ", B5) | D5: Muestra la fecha como un número entero ordinal (ej. 44197)
A6: Paso 1: CONTAR (COUNT) | B6: Cantidad_Pedido (Validación de celdas numéricas) | C6: =COUNT(Datos_Resueltos!K5:K92) | D6: 88
A7: Paso 2: CONTARA (COUNTA) | B7: Cantidad_Pedido (Conteo de celdas no vacías) | C7: =COUNTA(Datos_Resueltos!K5:K92) | D7: 88
A8: Paso 3: CONTAR.BLANCO (COUNTBLANK) | B8: Cantidad_Pedido (Detección de celdas en blanco) | C8: =COUNTBLANK(Datos_Resueltos!K5:K92) | D8: 0
A9: Paso 4: CONTAR.SI (COUNTIF) | B9: Sales_Order # (Verificación de duplicados) | C9: =COUNTIF(Datos_Resueltos!A$5:A5, Datos_Resueltos!A5) | D9: 1
A10: Paso 5: PROMEDIO.SI (AVERAGEIF) | B10: Ingresos Promedio: Youth (<25) | C10: =AVERAGEIF(Datos_Resueltos!D5:D92, "Youth (<25)", Datos_Resueltos!L5:L92) | D10: 3533
A11: Paso 5: PROMEDIO.SI (AVERAGEIF) | B11: Ingresos Promedio: Young Adult (25-34) | C11: =AVERAGEIF(Datos_Resueltos!D5:D92, "Young Adult (25-34)", Datos_Resueltos!L5:L92) | D11: 2480
A12: Paso 5: PROMEDIO.SI (AVERAGEIF) | B12: Ingresos Promedio: Adult (35-64) | C12: =AVERAGEIF(Datos_Resueltos!D5:D92, "Adult (35-64)", Datos_Resueltos!L5:L92) | D12: 2100
A13: Paso 6: MIN.SI.CONJUNTO (MINIFS) | B13: Ingresos Mínimos de Australia | C13: =MINIFS(Datos_Resueltos!L5:L92, Datos_Resueltos!E5:E92, "Australia") | D13: 565
A14: Paso 6: MAX.SI.CONJUNTO (MAXIFS) | B14: Ingresos Máximos de Australia | C14: =MAXIFS(Datos_Resueltos!L5:L92, Datos_Resueltos!E5:E92, "Australia") | D14: 13500
A15: Pregunta Final: SUMAR.SI (SUMIF) | B15: Suma de Ingresos Totales de Australia | C15: =SUMIF(Datos_Resueltos!E5:E92, "Australia", Datos_Resueltos!L5:L92) | D15: 36365
